Recording timestamp [μs],Computer timestamp [μs],Sensor,Project name,Participant name,Recording name,Recording start time,Recording duration [ms],Gaze point X [MCS px],Gaze point Y [MCS px],Pupil diameter left [mm],Pupil diameter right [mm],Pupil diameter filtered [mm],Validity left,Validity right,Eye movement type,Eye movement event duration [ms],Fixation point X [MCS px],Fixation point Y [MCS px]
24674,24674,Eye Tracker,Demo,Anthony ,Recording 16,13:31:12.488,374522,1174.0,333.0,,1.645,1.645,Invalid,Valid,Fixation,60,1171.0,334.0
34669,34669,Eye Tracker,Demo,Anthony ,Recording 16,13:31:12.488,374522,1175.0,331.0,,1.61,1.61,Invalid,Valid,Fixation,60,1171.0,334.0
44656,44656,Eye Tracker,Demo,Anthony ,Recording 16,13:31:12.488,374522,1170.0,345.0,,1.515,1.556,Invalid,Valid,Fixation,60,1171.0,334.0
54721,54721,Eye Tracker,Demo,Anthony ,Recording 16,13:31:12.488,374522,1171.0,334.0,,1.556,1.546,Invalid,Valid,Fixation,60,1171.0,334.0
64747,64747,Eye Tracker,Demo,Anthony ,Recording 16,13:31:12.488,374522,1168.0,334.0,,1.546,1.546,Invalid,Valid,Fixation,60,1171.0,334.0
74743,74743,Eye Tracker,Demo,Anthony ,Recording 16,13:31:12.488,374522,1168.0,334.0,,1.53,1.556,Invalid,Valid,Fixation,60,1171.0,334.0
735954,735954,Eye Tracker,Demo,Anthony ,Recording 16,13:31:12.488,374522,1169.0,446.0,,1.692,1.692,Invalid,Valid,Fixation,150,1169.0,454.0
745980,745980,Eye Tracker,Demo,Anthony ,Recording 16,13:31:12.488,374522,1171.0,452.0,,1.668,1.668,Invalid,Valid,Fixation,150,1169.0,454.0
755975,755975,Eye Tracker,Demo,Anthony ,Recording 16,13:31:12.488,374522,1171.0,455.0,,1.656,1.656,Invalid,Valid,Fixation,150,1169.0,454.0
765961,765961,Eye Tracker,Demo,Anthony ,Recording 16,13:31:12.488,374522,1171.0,455.0,,1.624,1.624,Invalid,Valid,Fixation,150,1169.0,454.0
776025,776025,Eye Tracker,Demo,Anthony ,Recording 16,13:31:12.488,374522,1170.0,454.0,,1.575,1.575,Invalid,Valid,Fixation,150,1169.0,454.0
786052,786052,Eye Tracker,Demo,Anthony ,Recording 16,13:31:12.488,374522,1171.0,453.0,,1.54,1.54,Invalid,Valid,Fixation,150,1169.0,454.0
796048,796048,Eye Tracker,Demo,Anthony ,Recording 16,13:31:12.488,374522,1171.0,453.0,,1.515,1.515,Invalid,Valid,Fixation,150,1169.0,454.0
806034,806034,Eye Tracker,Demo,Anthony ,Recording 16,13:31:12.488,374522,1170.0,453.0,,1.5,1.5,Invalid,Valid,Fixation,150,1169.0,454.0
816099,816099,Eye Tracker,Demo,Anthony ,Recording 16,13:31:12.488,374522,1169.0,454.0,,1.48,1.48,Invalid,Valid,Fixation,150,1169.0,454.0
826124,826124,Eye Tracker,Demo,Anthony ,Recording 16,13:31:12.488,374522,1168.0,456.0,,1.466,1.466,Invalid,Valid,Fixation,150,1169.0,454.0
836119,836119,Eye Tracker,Demo,Anthony ,Recording 16,13:31:12.488,374522,1166.0,457.0,,1.455,1.455,Invalid,Valid,Fixation,150,1169.0,454.0
846106,846106,Eye Tracker,Demo,Anthony ,Recording 16,13:31:12.488,374522,1166.0,456.0,,1.444,1.444,Invalid,Valid,Fixation,150,1169.0,454.0
856170,856170,Eye Tracker,Demo,Anthony ,Recording 16,13:31:12.488,374522,1165.0,454.0,,1.428,1.428,Invalid,Valid,Fixation,150,1169.0,454.0
866197,866197,Eye Tracker,Demo,Anthony ,Recording 16,13:31:12.488,374522,1165.0,453.0,,1.42,1.428,Invalid,Valid,Fixation,150,1169.0,454.0
876193,876193,Eye Tracker,Demo,Anthony ,Recording 16,13:31:12.488,374522,1165.0,452.0,,1.424,1.428,Invalid,Valid,Fixation,150,1169.0,454.0
1216823,1216823,Eye Tracker,Demo,Anthony ,Recording 16,13:31:12.488,374522,1078.0,431.0,,1.566,1.566,Invalid,Valid,Fixation,150,1082.0,457.0
1226849,1226849,Eye Tracker,Demo,Anthony ,Recording 16,13:31:12.488,374522,1084.0,452.0,,1.633,1.633,Invalid,Valid,Fixation,150,1082.0,457.0
1236845,1236845,Eye Tracker,Demo,Anthony ,Recording 16,13:31:12.488,374522,1085.0,454.0,,1.643,1.643,Invalid,Valid,Fixation,150,1082.0,457.0
1246831,1246831,Eye Tracker,Demo,Anthony ,Recording 16,13:31:12.488,374522,1085.0,457.0,,1.665,1.665,Invalid,Valid,Fixation,150,1082.0,457.0
1256896,1256896,Eye Tracker,Demo,Anthony ,Recording 16,13:31:12.488,374522,1083.0,461.0,,1.666,1.666,Invalid,Valid,Fixation,150,1082.0,457.0
1266922,1266922,Eye Tracker,Demo,Anthony ,Recording 16,13:31:12.488,374522,1083.0,476.0,,1.696,1.696,Invalid,Valid,Fixation,150,1082.0,457.0
1276918,1276918,Eye Tracker,Demo,Anthony ,Recording 16,13:31:12.488,374522,1081.0,461.0,,1.7,1.7,Invalid,Valid,Fixation,150,1082.0,457.0
1286903,1286903,Eye Tracker,Demo,Anthony ,Recording 16,13:31:12.488,374522,1084.0,468.0,,1.763,1.757,Invalid,Valid,Fixation,150,1082.0,457.0
1296968,1296968,Eye Tracker,Demo,Anthony ,Recording 16,13:31:12.488,374522,1091.0,459.0,,1.782,1.757,Invalid,Valid,Fixation,150,1082.0,457.0
1306994,1306994,Eye Tracker,Demo,Anthony ,Recording 16,13:31:12.488,374522,1090.0,455.0,,1.757,1.757,Invalid,Valid,Fixation,150,1082.0,457.0
1316990,1316990,Eye Tracker,Demo,Anthony ,Recording 16,13:31:12.488,374522,1087.0,456.0,,1.75,1.75,Invalid,Valid,Fixation,150,1082.0,457.0
1326976,1326976,Eye Tracker,Demo,Anthony ,Recording 16,13:31:12.488,374522,1084.0,459.0,,1.75,1.75,Invalid,Valid,Fixation,150,1082.0,457.0
1337041,1337041,Eye Tracker,Demo,Anthony ,Recording 16,13:31:12.488,374522,1078.0,457.0,,1.748,1.75,Invalid,Valid,Fixation,150,1082.0,457.0
1347067,1347067,Eye Tracker,Demo,Anthony ,Recording 16,13:31:12.488,374522,1063.0,469.0,,1.778,1.755,Invalid,Valid,Fixation,150,1082.0,457.0
1357063,1357063,Eye Tracker,Demo,Anthony ,Recording 16,13:31:12.488,374522,1068.0,463.0,,1.755,1.763,Invalid,Valid,Fixation,150,1082.0,457.0
2729514,2729514,Eye Tracker,Demo,Anthony ,Recording 16,13:31:12.488,374522,912.0,426.0,,1.633,1.658,Invalid,Valid,Fixation,90,930.0,419.0
2739579,2739579,Eye Tracker,Demo,Anthony ,Recording 16,13:31:12.488,374522,918.0,429.0,,1.658,1.664,Invalid,Valid,Fixation,90,930.0,419.0
2749604,2749604,Eye Tracker,Demo,Anthony ,Recording 16,13:31:12.488,374522,922.0,425.0,,1.74,1.74,Invalid,Valid,Fixation,90,930.0,419.0
2759599,2759599,Eye Tracker,Demo,Anthony ,Recording 16,13:31:12.488,374522,930.0,421.0,,1.772,1.772,Invalid,Valid,Fixation,90,930.0,419.0
2769586,2769586,Eye Tracker,Demo,Anthony ,Recording 16,13:31:12.488,374522,935.0,419.0,,1.803,1.772,Invalid,Valid,Fixation,90,930.0,419.0
2779651,2779651,Eye Tracker,Demo,Anthony ,Recording 16,13:31:12.488,374522,944.0,415.0,,1.785,1.772,Invalid,Valid,Fixation,90,930.0,419.0
2789677,2789677,Eye Tracker,Demo,Anthony ,Recording 16,13:31:12.488,374522,954.0,415.0,,1.745,1.745,Invalid,Valid,Fixation,90,930.0,419.0
2799672,2799672,Eye Tracker,Demo,Anthony ,Recording 16,13:31:12.488,374522,934.0,366.0,1.338,1.704,1.521,Valid,Valid,Fixation,90,930.0,419.0
2809659,2809659,Eye Tracker,Demo,Anthony ,Recording 16,13:31:12.488,374522,929.0,414.0,,1.702,1.702,Invalid,Valid,Fixation,90,930.0,419.0
2919890,2919890,Eye Tracker,Demo,Anthony ,Recording 16,13:31:12.488,374522,894.0,384.0,,1.617,1.619,Invalid,Valid,Fixation,60,902.0,376.0
2929876,2929876,Eye Tracker,Demo,Anthony ,Recording 16,13:31:12.488,374522,896.0,382.0,,1.616,1.619,Invalid,Valid,Fixation,60,902.0,376.0
2939941,2939941,Eye Tracker,Demo,Anthony ,Recording 16,13:31:12.488,374522,900.0,377.0,,1.619,1.619,Invalid,Valid,Fixation,60,902.0,376.0
2949967,2949967,Eye Tracker,Demo,Anthony ,Recording 16,13:31:12.488,374522,904.0,375.0,,1.659,1.659,Invalid,Valid,Fixation,60,902.0,376.0
2959962,2959962,Eye Tracker,Demo,Anthony ,Recording 16,13:31:12.488,374522,907.0,374.0,,1.748,1.748,Invalid,Valid,Fixation,60,902.0,376.0
