feature,correlation,p_value
Vegetation_mean,0.421860473562912,0.0005740118517781656
Junction Box_std,0.258375121219502,0.04089617830128669
Truck_std,0.25147073862339436,0.04680158264849146
Junction Box_mean,0.2504782556910632,0.0477052959722584
Truck_mean,0.2467440305036194,0.05123454337373972
Terrain_mean,0.2405814695479314,0.05752283668932048
Car_mean,0.22488821931952485,0.07639030291108216
Terrain_std,0.2225626567770422,0.07956349217581479
Mailbox_mean,0.21227904748313384,0.0948663663372254
Bench_mean,0.20695269330295932,0.10364919259503463
Vegetation_std,0.20392124088813396,0.10892198672722138
Mailbox_std,0.19709278103276331,0.12155511792088176
Banner_std,0.1961790600255785,0.12332700519977553
Bench_std,0.18601801985530625,0.14437805329024309
Traffic Light_mean,0.18162832947092275,0.15426079752730543
Curb_mean,0.1722899226558907,0.1769370376479358
Traffic Sign (Back)_mean,0.17182736747302943,0.17812003011497263
Fire Hydrant_mean,0.17052390689573008,0.18148451268206997
Service Lane_mean,0.16236554445951967,0.20359159854489425
Service Lane_std,0.16236554445951965,0.20359159854489425
Bicycle_mean,0.1587318376576302,0.21402964583113548
Fire Hydrant_std,0.1533954141105988,0.23003208502795625
Guard Rail_mean,0.1496049988124063,0.24189065266802848
Traffic Sign (Back)_std,0.14895507333909574,0.243965361878712
Curb Cut_mean,0.13912685712781056,0.2768286579951782
Traffic Sign (Front)_std,0.13672394003691546,0.2852910769506221
Pole_mean,0.1292663710035778,0.31263032445062855
Traffic Sign (Front)_mean,0.11669924784027066,0.3623794542027504
Car_std,0.1131388902259911,0.37730712996142135
Manhole_mean,0.11060491985307244,0.38815315353500845
Person_mean,0.10813447472639823,0.39890354889676893
Bike Lane_std,0.09751332999536497,0.447073135549226
Parking_mean,0.0954422136843375,0.45682793552966294
Banner_mean,0.09056010870549891,0.4802770435771124
Bicycle_std,0.09021571222677412,0.4819550078835037
Water_mean,0.0885626099628429,0.49005232819807865
Guard Rail_std,0.08841265312977518,0.49079036890263616
Utility Pole_mean,0.08516873566872432,0.5068974779592547
Pole_std,0.08448511459819809,0.5103260964714299
Other Vehicle_std,0.08439315782448276,0.5107881951863501
Bus_std,0.08323155996863227,0.5166437314976212
Other Vehicle_mean,0.07707089562246613,0.5482560507697312
Trash Can_mean,0.07293349507063572,0.5699964165605972
Bike Lane_mean,0.07227780442943407,0.5734782448021329
Bus_mean,0.0691923687003602,0.5899929493418975
Traffic Light_std,0.06779066496412268,0.5975654215988782
Curb Cut_std,0.06651563094165898,0.6044907456144519
Wheeled Slow_mean,0.0576658920212951,0.6534914505701676
Motorcycle_mean,0.05687122851557691,0.6579677640329712
Trash Can_std,0.054214529872198686,0.6730191307896503
Ego Vehicle_mean,0.04909117441797551,0.702404310834936
Manhole_std,0.04460368746959344,0.7285055448317439
Motorcyclist_std,0.025373949656776265,0.8435159358672554
Phone Booth_mean,0.02451134758415631,0.8487720139118888
On Rails_mean,0.021917985784554714,0.8646127356073682
On Rails_std,0.019175265794645697,0.8814235603635664
Ego Vehicle_std,0.018622173383888323,0.8848201719167218
Motorcyclist_mean,0.017643296689771364,0.8908366040552599
Motorcycle_std,0.01594303323034031,0.9013012564906162
Pothole_mean,0.014343477520545798,0.9111614070716196
Phone Booth_std,0.014092392631222975,0.9127104217511752
Caravan_mean,-8.472358931312443e-06,0.99994741891913
Bicyclist_std,-0.00048449290983084824,0.9969931512232502
Bike Rack_std,-0.003452476435708507,0.9785757816865887
Building_mean,-0.005848860707202121,0.96371305824481
Crosswalk - Plain_std,-0.009250652289421447,0.9426369569037457
CCTV Camera_std,-0.009520136545860994,0.9409688268410145
Bridge_mean,-0.013780393291571795,0.9146356852126917
Pothole_std,-0.01799764002831723,0.8886579911984548
Bridge_std,-0.021880323606365614,0.8648431899959412
Catch Basin_mean,-0.02204436015604283,0.863839534599763
Bike Rack_mean,-0.02797123938390754,0.8277317997129856
Lane Marking - General_std,-0.034917188323921745,0.7858684067900161
Crosswalk - Plain_mean,-0.03502886566951963,0.7851998927903305
Caravan_std,-0.0367458153049085,0.7749417443900878
Utility Pole_std,-0.03684129590050162,0.7743723876056501
Water_std,-0.037512920792369966,0.7703708054064963
Barrier_mean,-0.0380183789303636,0.7673631750017569
Barrier_std,-0.038721442850463056,0.7631854140651761
Billboard_mean,-0.05440588214092734,0.6719306680375827
Traffic Sign Frame_mean,-0.05641045305015239,0.6605687977988091
Person_std,-0.059256511695592845,0.6445681057027843
Ground Animal_mean,-0.06395119473690494,0.6185245871871803
Wheeled Slow_std,-0.07062599225541902,0.5822929494398807
Bicyclist_mean,-0.0743673949406191,0.5624166167654344
CCTV Camera_mean,-0.07839047627104263,0.541407225270346
Catch Basin_std,-0.08667544327116647,0.4993826638940615
Lane Marking - Crosswalk_mean,-0.09387247301194998,0.4642982957288884
Curb_std,-0.09660536188577956,0.4513353034046578
Traffic Sign Frame_std,-0.13354791706652933,0.2967352223766139
Parking_std,-0.13442748015572184,0.2935363410708495
Car Mount_std,-0.13632471649827413,0.2867133800994086
Billboard_std,-0.1434325809657332,0.2620862893309958
Trailer_std,-0.15421998723567035,0.2275066951826049
Wall_mean,-0.16470121087028664,0.19707607229444063
Street Light_std,-0.17509602630202611,0.16988253979562945
Lane Marking - Crosswalk_std,-0.17679475063171807,0.16571314010728708
Lane Marking - General_mean,-0.17987707896609276,0.15834031265391327
Building_std,-0.18236300443716347,0.152572768587025
Sidewalk_mean,-0.1837857827383876,0.1493427560211236
Ground Animal_std,-0.18501222460657407,0.14659954419477086
Tunnel_std,-0.19740470906030744,0.12095469325958129
Car Mount_mean,-0.20637873218125377,0.1046320319046948
Trailer_mean,-0.20957257012070238,0.09925355835566758
Tunnel_mean,-0.21335581480197224,0.09316365607206246
Wall_std,-0.25801289273171807,0.04118989439828613
Fence_std,-0.26647949770680684,0.034763961083597535
Street Light_mean,-0.3056442555616489,0.014850690561054144
Rail Track_mean,-0.3169612346265082,0.011372096795836175
Rail Track_std,-0.3285199758262914,0.00857048629644138
Fence_mean,-0.3446106307081153,0.005679074620359169
Other Rider_mean,-0.34886078308290763,0.0050760546509474955
Sky_mean,-0.35304080488384443,0.004538764607392339
Pedestrian Area_mean,-0.35698755215916844,0.0040782164299935164
Other Rider_std,-0.3741868745333027,0.002518428074797491
Sky_std,-0.40215992086659275,0.0010859565800510225
Pedestrian Area_std,-0.4206444777572398,0.0005977261428102295
Road_mean,-0.4516218680042668,0.00020298838091718267
Sidewalk_std,-0.46121199383379163,0.00014222291748452472
Road_std,-0.5449252051856943,3.88426276152228e-06
